{
  "Q_X": 0.04525816581421533,
  "p_perm": 0.319,
  "tau_fit": 34.06173060283749,
  "tau_obs_NA": 144.0,
  "chi2_nu": 6.05820894241333,
  "verdict": "falsified",
  "n_cells": 1045,
  "drift_K_per_year": null
}