{
  "Q_X": 0.07204876782852968,
  "p_perm": 0.105,
  "tau_fit": 31.299130502829055,
  "tau_obs_NA": 144.0,
  "chi2_nu": 7.080044746398926,
  "verdict": "falsified",
  "n_cells": 1045,
  "drift_K_per_year": null
}