{
  "Q_X": -0.1840386497882158,
  "p_perm": 0.001,
  "tau_fit": 29.78857194855586,
  "tau_obs_NA": 144.0,
  "chi2_nu": 7.014004230499268,
  "verdict": "falsified",
  "n_cells": 1045,
  "drift_K_per_year": null
}