{
  "Q_X": -0.08234788993315191,
  "p_perm": 0.052,
  "tau_fit": 29.710522358606568,
  "tau_obs_NA": 144.0,
  "chi2_nu": 5.529481887817383,
  "verdict": "falsified",
  "n_cells": 1045,
  "drift_K_per_year": null
}