{
  "Q_X": 0.18715922396197776,
  "p_perm": 0.001,
  "tau_fit": 39.378723411043374,
  "tau_obs_NA": 144.0,
  "chi2_nu": 6.568042755126953,
  "verdict": "falsified",
  "n_cells": 1045,
  "drift_K_per_year": null
}