{
  "Q_X": 0.2715875340522202,
  "p_perm": 0.001,
  "tau_fit": 37.66410547443268,
  "tau_obs_NA": 144.0,
  "chi2_nu": 5.587596893310547,
  "verdict": "falsified",
  "n_cells": 1045,
  "drift_K_per_year": null
}