{
  "Q_X": 0.2391102686373674,
  "p_perm": 0.001,
  "tau_fit": 33.961401897094945,
  "tau_obs_NA": 144.0,
  "chi2_nu": 6.468708038330078,
  "verdict": "falsified",
  "n_cells": 1045,
  "drift_K_per_year": null
}