{
  "Q_X": 0.16305491809800898,
  "p_perm": 0.001,
  "tau_fit": 40.52360656577575,
  "tau_obs_NA": 144.0,
  "chi2_nu": 5.185431957244873,
  "verdict": "falsified",
  "n_cells": 1045,
  "drift_K_per_year": null
}