{
  "Q_X": 0.0513266785674251,
  "p_perm": 0.241,
  "tau_fit": 38.517024624790444,
  "tau_obs_NA": 144.0,
  "chi2_nu": 6.178333759307861,
  "verdict": "falsified",
  "n_cells": 1045,
  "drift_K_per_year": null
}