{
  "Q_X": 0.17703037914396003,
  "p_perm": 0.001,
  "tau_fit": 45.91235698952435,
  "tau_obs_NA": 144.0,
  "chi2_nu": 5.2112507820129395,
  "verdict": "falsified",
  "n_cells": 1045,
  "drift_K_per_year": null
}