{
  "Q_X": 0.014015079168142933,
  "p_perm": 0.766,
  "tau_fit": 39.62249723193388,
  "tau_obs_NA": 144.0,
  "chi2_nu": 7.7020978927612305,
  "verdict": "falsified",
  "n_cells": 1045,
  "drift_K_per_year": null
}