{
  "n_cells": 1045,
  "fits": [
    {
      "family": "registered",
      "k": 1,
      "n": 1045,
      "params": [
        37.664105478361435
      ],
      "chi2_nu": 5.587596430335071,
      "AIC": -1480.2265739822762,
      "BIC": -1475.2748018178772,
      "ss_resid": 14.812870964517726,
      "dAIC": 1916.1576436623716
    },
    {
      "family": "power",
      "k": 3,
      "n": 1045,
      "params": [
        625.3970535706296,
        553086.3153419347,
        0.02198036926791223
      ],
      "chi2_nu": 0.8913619855183799,
      "AIC": -3396.384217644648,
      "BIC": -3381.528901151451,
      "ss_resid": 2.3584981356434356,
      "dAIC": 0.0
    },
    {
      "family": "exp",
      "k": 2,
      "n": 1045,
      "params": [
        0.8462912918895341,
        1.188851117835464
      ],
      "chi2_nu": 0.9256830507311282,
      "AIC": -3357.900377244477,
      "BIC": -3347.996832915679,
      "ss_resid": 2.4516605007374235,
      "dAIC": 38.48384040017072
    },
    {
      "family": "saturating",
      "k": 3,
      "n": 1045,
      "params": [
        0.8055098762933688,
        0.8627982822406701,
        124.34395454457263
      ],
      "chi2_nu": 0.8942894598711337,
      "AIC": -3392.957778014054,
      "BIC": -3378.102461520857,
      "ss_resid": 2.3662440827617646,
      "dAIC": 3.4264396305939044
    }
  ],
  "best_family": "power",
  "rloc_stats": {
    "mean": 0.837839254580046,
    "min": 0.660895049571991,
    "max": 0.9351836442947388
  },
  "eke_stats": {
    "mean": 0.008567001821517662,
    "min": 3.7801353755639866e-05,
    "max": 0.12128900736570358
  }
}