{
  "reference": {
    "K": 0.2,
    "U0": 1.0,
    "rho_r_U": 0.1007876286326457,
    "p_r_U": NaN,
    "rho_r_D": 0.14864420491250768,
    "p_r_D": NaN
  },
  "param_sweep": {
    "K_grid": [
      0.2,
      0.4,
      0.6000000000000001,
      0.8,
      1.0
    ],
    "U0_grid": [
      0.5,
      1.0,
      1.5,
      2.0
    ],
    "rho_table": [
      [
        0.6212603927386275,
        0.6212603927386275,
        0.4583497102077131,
        0.6212603927386275
      ],
      [
        -0.10395931145352807,
        -0.10395931145352807,
        0.5220090873438472,
        -0.10395931145352807
      ],
      [
        0.43913101230733953,
        0.43913101230733953,
        0.5463276927253715,
        0.43913101230733953
      ],
      [
        0.4815395364866354,
        0.4815395364866354,
        0.48153651479119475,
        0.4815395364866354
      ],
      [
        -0.16702577136082575,
        -0.16702577136082575,
        -0.1670257160511371,
        -0.16702577136082575
      ]
    ],
    "min": -0.16702577136082575,
    "max": 0.6212603927386275
  }
}