{
  "reference": {
    "K": 0.5,
    "U0": 1.0,
    "rho_r_U": 0.18445173277881288,
    "p_r_U": 0.06619156473124238,
    "rho_r_D": 0.09993193904501169,
    "p_r_D": 0.32254847577153745
  },
  "param_sweep": {
    "K_grid": [
      0.2,
      0.4,
      0.6000000000000001,
      0.8,
      1.0
    ],
    "U0_grid": [
      0.5,
      1.0,
      1.5,
      2.0
    ],
    "rho_table": [
      [
        -0.20975840653286076,
        -0.20975840653286076,
        -0.19357307073371127,
        -0.20975840653286076
      ],
      [
        0.38937713204212443,
        0.38937713204212443,
        0.3891762103245874,
        0.38937713204212443
      ],
      [
        -0.05368256244124261,
        -0.05368256244124261,
        -0.053682562285734925,
        -0.05368256244124261
      ],
      [
        0.0059290816225452785,
        0.0059290816225452785,
        0.0059290816225908444,
        0.0059290816225452785
      ],
      [
        0.33007163339120027,
        0.33007163339120027,
        0.33007163339117324,
        0.33007163339120027
      ]
    ],
    "min": -0.20975840653286076,
    "max": 0.38937713204212443
  }
}